scenario,quantity,where,class,ours,panco,rel_diff
hand,hop-delay,"('es0', 'sw0')",1,12.0,12.0,0.0
hand,out-burst,"1@('es0', 'sw0')",1,12144.0,12144.0,0.0
hand,hop-delay,"('sw0', 'es1')",0,12.80064,12.80064,0.0
hand,hop-delay,"('sw0', 'es1')",1,12.955004003202562,12.95500400320256,1.3711742882990413e-16
hand,hop-delay,"('es2', 'sw0')",0,0.7999999999999999,0.8,1.3877787807814457e-16
hand,out-burst,"2@('es2', 'sw0')",0,800.64,800.64,0.0
line-s0,hop-delay,"('es3_0', 'sw3')",0,4.904,4.904,0.0
line-s0,out-burst,"0@('es3_0', 'sw3')",0,1567.222016,1567.222016,0.0
line-s0,out-burst,"26@('es3_0', 'sw3')",0,1957.66272,1957.66272,0.0
line-s0,out-burst,"37@('es3_0', 'sw3')",0,1460.090112,1460.090112,0.0
line-s0,hop-delay,"('sw3', 'es3_1')",0,11.375222015999999,11.375222016,1.561601907111516e-16
line-s0,hop-delay,"('sw3', 'es3_1')",1,16.83084753763916,16.83084753763916,0.0
line-s0,hop-delay,"('es2_1', 'sw2')",1,33.912000000000006,33.912,2.095254587638889e-16
line-s0,out-burst,"1@('es2_1', 'sw2')",1,12837.364992,12837.364992,0.0
line-s0,out-burst,"28@('es2_1', 'sw2')",1,24141.364992,24141.364992,0.0
line-s0,hop-delay,"('sw2', 'sw3')",0,12.398607024281207,12.398607024281207,0.0
line-s0,hop-delay,"('sw2', 'sw3')",1,185.61865152551331,185.61865152551334,1.531188229028667e-16
line-s0,out-burst,"1@('sw2', 'sw3')",1,21230.29793937761,21230.29793937761,0.0
line-s0,out-burst,"4@('sw2', 'sw3')",1,18728.241246323116,18728.241246323116,0.0
line-s0,out-burst,"7@('sw2', 'sw3')",1,6863.055295321985,6863.055295321985,0.0
line-s0,out-burst,"8@('sw2', 'sw3')",1,30212.752267330485,30212.752267330485,0.0
line-s0,out-burst,"9@('sw2', 'sw3')",1,44058.7365008423,44058.7365008423,0.0
line-s0,out-burst,"12@('sw2', 'sw3')",1,52011.530885811386,52011.530885811386,0.0
line-s0,out-burst,"15@('sw2', 'sw3')",1,18977.270685741038,18977.270685741038,0.0
line-s0,out-burst,"22@('sw2', 'sw3')",1,48770.33483214411,48770.33483214411,0.0
line-s0,out-burst,"23@('sw2', 'sw3')",1,20630.81620159202,20630.81620159202,0.0
line-s0,out-burst,"43@('sw2', 'sw3')",0,856.724287613021,856.724287613021,0.0
line-s0,hop-delay,"('sw3', 'es3_3')",1,70.80190530469082,70.80190530469082,0.0
line-s0,hop-delay,"('es0_3', 'sw0')",1,46.568,46.568,0.0
line-s0,out-burst,"2@('es0_3', 'sw0')",1,18277.23392,18277.23392,0.0
line-s0,out-burst,"9@('es0_3', 'sw0')",1,25255.814144,25255.814144,0.0
line-s0,out-burst,"15@('es0_3', 'sw0')",1,8000.218368,8000.218368,0.0
line-s0,hop-delay,"('sw0', 'sw1')",0,12.377641856,12.377641856,0.0
line-s0,hop-delay,"('sw0', 'sw1')",1,82.02972336692265,82.02972336692267,1.7324031012071327e-16
line-s0,out-burst,"2@('sw0', 'sw1')",1,21020.307869389893,21020.307869389893,0.0
line-s0,out-burst,"3@('sw0', 'sw1')",1,10532.50667504407,10532.50667504407,0.0
line-s0,out-burst,"9@('sw0', 'sw1')",1,29046.243601338763,29046.243601338763,0.0
line-s0,out-burst,"15@('sw0', 'sw1')",1,10213.052185546105,10213.052185546105,0.0
line-s0,out-burst,"22@('sw0', 'sw1')",1,25690.18646864144,25690.18646864144,0.0
line-s0,out-burst,"43@('sw0', 'sw1')",0,835.7420117544959,835.7420117544959,0.0
line-s0,hop-delay,"('sw1', 'sw2')",0,13.314966331754496,13.314966331754496,0.0
line-s0,hop-delay,"('sw1', 'sw2')",1,139.27082431208058,139.27082431208058,0.0
line-s0,out-burst,"2@('sw1', 'sw2')",1,25677.52423438587,25677.524234385866,1.4167950048003227e-16
line-s0,out-burst,"3@('sw1', 'sw2')",1,11876.191588007023,11876.191588007023,0.0
line-s0,out-burst,"4@('sw1', 'sw2')",1,14611.962030093331,14611.962030093331,0.0
line-s0,out-burst,"7@('sw1', 'sw2')",1,5905.263053450336,5905.263053450336,0.0
line-s0,out-burst,"9@('sw1', 'sw2')",1,35481.66985115138,35481.66985115138,0.0
line-s0,out-burst,"12@('sw1', 'sw2')",1,35831.52426963544,35831.52426963544,0.0
line-s0,out-burst,"15@('sw1', 'sw2')",1,13970.02194218879,13970.02194218879,0.0
line-s0,out-burst,"22@('sw1', 'sw2')",1,35583.98582777164,35583.98582777165,2.0447281115160739e-16
line-s0,out-burst,"36@('sw1', 'sw2')",0,974.0930014877758,974.0930014877758,0.0
line-s0,out-burst,"43@('sw1', 'sw2')",0,846.6070242812076,846.6070242812076,0.0
line-s0,hop-delay,"('sw2', 'es2_0')",0,10.505255703572068,10.505255703572066,1.6909220389525993e-16
line-s0,hop-delay,"('sw2', 'es2_0')",1,43.06680987473487,43.06680987473487,0.0
line-s0,hop-delay,"('es0_2', 'sw0')",1,9.648,9.648,0.0
line-s0,out-burst,"3@('es0_2', 'sw0')",1,9741.083904,9741.083904,0.0
line-s0,hop-delay,"('sw2', 'es2_2')",1,49.6421958361873,49.6421958361873,0.0
line-s0,hop-delay,"('es1_2', 'sw1')",0,13.416,13.415999999999999,1.3240584670544502e-16
line-s0,hop-delay,"('es1_2', 'sw1')",1,19.63799739126234,19.637997391262342,1.8091018182848076e-16
line-s0,out-burst,"4@('es1_2', 'sw1')",1,11523.492230148633,11523.492230148633,0.0
line-s0,out-burst,"36@('es1_2', 'sw1')",0,927.22432,927.22432,0.0
line-s0,out-burst,"53@('es1_2', 'sw1')",1,6574.852928388541,6574.852928388541,0.0
line-s0,out-burst,"54@('es1_2', 'sw1')",0,1486.852736,1486.852736,0.0
line-s0,hop-delay,"('sw3', 'sw4')",0,12.408724287613019,12.40872428761302,1.4315386483149555e-16
line-s0,hop-delay,"('sw3', 'sw4')",1,201.6659347181164,201.6659347181164,0.0
line-s0,out-burst,"4@('sw3', 'sw4')",1,23200.385014632066,23200.385014632066,0.0
line-s0,out-burst,"7@('sw3', 'sw4')",1,7903.651518467465,7903.651518467465,0.0
line-s0,out-burst,"8@('sw3', 'sw4')",1,43132.278709111895,43132.278709111895,0.0
line-s0,out-burst,"9@('sw3', 'sw4')",1,53377.31601229702,53377.31601229702,0.0
line-s0,out-burst,"12@('sw3', 'sw4')",1,69590.34708332016,69590.34708332016,0.0
line-s0,out-burst,"22@('sw3', 'sw4')",1,63096.682834519095,63096.6828345191,1.1531442363247147e-16
line-s0,out-burst,"43@('sw3', 'sw4')",0,866.8498066317132,866.8498066317132,0.0
line-s0,hop-delay,"('sw4', 'es4_1')",1,76.57770102692909,76.57770102692909,0.0
line-s0,hop-delay,"('es4_1', 'sw4')",0,7.848,7.848,0.0
line-s0,out-burst,"5@('es4_1', 'sw4')",0,1338.422144,1338.422144,0.0
line-s0,out-burst,"18@('es4_1', 'sw4')",0,1864.756736,1864.756736,0.0
line-s0,out-burst,"41@('es4_1', 'sw4')",0,1738.871552,1738.871552,0.0
line-s0,out-burst,"44@('es4_1', 'sw4')",0,1499.677824,1499.677824,0.0
line-s0,out-burst,"50@('es4_1', 'sw4')",0,1523.866176,1523.866176,0.0
line-s0,hop-delay,"('sw4', 'sw3')",0,17.884855552,17.884855552,0.0
line-s0,hop-delay,"('sw4', 'sw3')",1,48.44848015500517,48.44848015500518,1.4665944803362309e-16
line-s0,out-burst,"5@('sw4', 'sw3')",0,1362.1732321730558,1362.1732321730558,0.0
line-s0,out-burst,"10@('sw4', 'sw3')",1,6626.481386812622,6626.481386812622,0.0
line-s0,out-burst,"13@('sw4', 'sw3')",1,13305.974840496976,13305.974840496976,0.0
line-s0,out-burst,"18@('sw4', 'sw3')",0,1994.100011352064,1994.100011352064,0.0
line-s0,out-burst,"31@('sw4', 'sw3')",1,15211.382570882324,15211.382570882324,0.0
line-s0,out-burst,"38@('sw4', 'sw3')",0,864.601537949696,864.601537949696,0.0
line-s0,out-burst,"41@('sw4', 'sw3')",0,1800.1092974100482,1800.1092974100482,0.0
line-s0,out-burst,"44@('sw4', 'sw3')",0,1526.290489061376,1526.290489061376,0.0
line-s0,out-burst,"59@('sw4', 'sw3')",1,11338.514405484295,11338.514405484295,0.0
line-s0,hop-delay,"('sw3', 'sw2')",0,24.426169735946242,24.42616973594624,1.4544702330354426e-16
line-s0,hop-delay,"('sw3', 'sw2')",1,67.78432845993578,67.78432845993578,0.0
line-s0,out-burst,"5@('sw3', 'sw2')",0,1394.6111855823924,1394.6111855823924,0.0
line-s0,out-burst,"13@('sw3', 'sw2')",1,14913.276836938972,14913.276836938972,0.0
line-s0,out-burst,"18@('sw3', 'sw2')",0,2170.7500708824273,2170.7500708824273,0.0
line-s0,out-burst,"20@('sw3', 'sw2')",1,12316.318246046969,12316.31824604697,1.4768937982985922e-16
line-s0,out-burst,"25@('sw3', 'sw2')",0,2041.3399743544833,2041.3399743544833,0.0
line-s0,out-burst,"26@('sw3', 'sw2')",0,2145.255703572067,2145.255703572067,0.0
line-s0,out-burst,"29@('sw3', 'sw2')",0,926.8984734412954,926.8984734412954,0.0
line-s0,out-burst,"33@('sw3', 'sw2')",1,21433.0235669643,21433.0235669643,0.0
line-s0,out-burst,"37@('sw3', 'sw2')",0,1600.0032122475002,1600.0032122475002,0.0
line-s0,out-burst,"38@('sw3', 'sw2')",0,904.8558656745354,904.8558656745354,0.0
line-s0,out-burst,"41@('sw3', 'sw2')",0,1883.744502585928,1883.744502585928,0.0
line-s0,out-burst,"44@('sw3', 'sw2')",0,1562.636629628464,1562.636629628464,0.0
line-s0,out-burst,"59@('sw3', 'sw2')",1,12057.570561787294,12057.570561787294,0.0
line-s0,hop-delay,"('sw2', 'sw1')",0,25.28656414472249,25.28656414472249,0.0
line-s0,hop-delay,"('sw2', 'sw1')",1,79.18215486774623,79.18215486774623,0.0
line-s0,out-burst,"5@('sw2', 'sw1')",0,1428.191742766584,1428.191742766584,0.0
line-s0,out-burst,"6@('sw2', 'sw1')",1,18752.173372073627,18752.173372073627,0.0
line-s0,out-burst,"16@('sw2', 'sw1')",1,17473.54973191481,17473.54973191481,0.0
line-s0,out-burst,"18@('sw2', 'sw1')",0,2353.62250277706,2353.62250277706,0.0
line-s0,out-burst,"19@('sw2', 'sw1')",0,634.4877096315473,634.4877096315473,0.0
line-s0,out-burst,"20@('sw2', 'sw1')",1,15164.341992330064,15164.341992330066,1.1995175289939242e-16
line-s0,out-burst,"21@('sw2', 'sw1')",0,1972.5750910262634,1972.5750910262634,0.0
line-s0,out-burst,"25@('sw2', 'sw1')",0,2137.6312106175865,2137.6312106175865,0.0
line-s0,out-burst,"27@('sw2', 'sw1')",1,12559.232217779907,12559.232217779907,0.0
line-s0,out-burst,"29@('sw2', 'sw1')",0,949.7575274281246,949.7575274281246,0.0
line-s0,out-burst,"32@('sw2', 'sw1')",1,12603.491739509154,12603.491739509154,0.0
line-s0,out-burst,"37@('sw2', 'sw1')",0,1744.8446516684705,1744.8446516684705,0.0
line-s0,out-burst,"41@('sw2', 'sw1')",0,1970.325698217458,1970.325698217458,0.0
line-s0,out-burst,"44@('sw2', 'sw1')",0,1600.263037075811,1600.263037075811,0.0
line-s0,hop-delay,"('sw1', 'sw0')",0,18.45947922529805,18.459479225298047,1.9246012498183779e-16
line-s0,hop-delay,"('sw1', 'sw0')",1,66.1889557717576,66.1889557717576,0.0
line-s0,out-burst,"5@('sw1', 'sw0')",0,1452.7059311777798,1452.7059311777798,0.0
line-s0,out-burst,"11@('sw1', 'sw0')",1,20344.812802631997,20344.812802631997,0.0
line-s0,out-burst,"16@('sw1', 'sw0')",1,19337.430726447503,19337.430726447503,0.0
line-s0,out-burst,"18@('sw1', 'sw0')",0,2487.1214565344158,2487.1214565344158,0.0
line-s0,out-burst,"19@('sw1', 'sw0')",0,675.2462397610054,675.2462397610054,0.0
line-s0,out-burst,"21@('sw1', 'sw0')",0,2040.2106229077554,2040.2106229077554,0.0
line-s0,out-burst,"27@('sw1', 'sw0')",1,13910.54593881611,13910.54593881611,0.0
line-s0,out-burst,"29@('sw1', 'sw0')",0,966.444896647794,966.444896647794,0.0
line-s0,out-burst,"37@('sw1', 'sw0')",0,1850.5805486709778,1850.5805486709778,0.0
line-s0,out-burst,"53@('sw1', 'sw0')",1,8188.804425927078,8188.804425927078,0.0
line-s0,hop-delay,"('sw0', 'es0_0')",0,1.45270593117778,1.45270593117778,0.0
line-s0,hop-delay,"('es2_2', 'sw2')",1,35.984,35.984,0.0
line-s0,out-burst,"6@('es2_2', 'sw2')",1,12569.630720000001,12569.630720000001,0.0
line-s0,out-burst,"8@('es2_2', 'sw2')",1,18321.278976,18321.278976,0.0
line-s0,out-burst,"27@('es2_2', 'sw2')",1,10942.649344,10942.649344,0.0
line-s0,hop-delay,"('sw1', 'es1_3')",1,18.752173372073628,18.752173372073628,0.0
line-s0,hop-delay,"('es1_3', 'sw1')",1,5.16,5.16,0.0
line-s0,out-burst,"7@('es1_3', 'sw1')",1,5186.6256,5186.6256,0.0
line-s0,hop-delay,"('sw4', 'es4_3')",0,11.762849806631714,11.762849806631714,0.0
line-s0,hop-delay,"('sw4', 'es4_3')",1,78.42484308037292,78.42484308037292,0.0
line-s0,hop-delay,"('sw4', 'es4_0')",0,10.403866176,10.403866176000001,1.7074007002300856e-16
line-s0,hop-delay,"('sw4', 'es4_0')",1,107.91599670665143,107.91599670665144,1.3168441332967008e-16
line-s0,hop-delay,"('es4_3', 'sw4')",1,5.976,5.976,0.0
line-s0,out-burst,"10@('es4_3', 'sw4')",1,6047.425152,6047.425152,0.0
line-s0,hop-delay,"('sw3', 'es3_0')",1,6.626481386812622,6.626481386812622,0.0
line-s0,hop-delay,"('es1_1', 'sw1')",1,18.752,18.752,0.0
line-s0,out-burst,"11@('es1_1', 'sw1')",1,19103.637504,19103.637504,0.0
line-s0,hop-delay,"('sw0', 'es0_1')",1,34.25535874144811,34.255358741448106,2.074252793915019e-16
line-s0,hop-delay,"('es1_0', 'sw1')",1,21.792,21.792,0.0
line-s0,out-burst,"12@('es1_0', 'sw1')",1,23691.565056,23691.565056,0.0
line-s0,hop-delay,"('es4_0', 'sw4')",0,6.752,6.752,0.0
line-s0,hop-delay,"('es4_0', 'sw4')",1,12.700931134509673,12.700931134509672,1.3986036303855825e-16
line-s0,out-burst,"13@('es4_0', 'sw4')",1,12157.164479061494,12157.164479061494,0.0
line-s0,out-burst,"38@('es4_0', 'sw4')",0,835.127296,835.127296,0.0
line-s0,hop-delay,"('es3_2', 'sw3')",0,11.64,11.64,0.0
line-s0,hop-delay,"('es3_2', 'sw3')",1,11.684494555266454,11.684494555266456,1.5202684472128987e-16
line-s0,out-burst,"14@('es3_2', 'sw3')",1,9963.520477980148,9963.520477980148,0.0
line-s0,out-burst,"25@('es3_2', 'sw3')",0,1948.32512,1948.32512,0.0
line-s0,hop-delay,"('es2_0', 'sw2')",0,13.08,13.08,0.0
line-s0,hop-delay,"('es2_0', 'sw2')",1,41.32742368036486,41.32742368036486,0.0
line-s0,out-burst,"16@('es2_0', 'sw2')",1,15243.780250839074,15243.780250839074,0.0
line-s0,out-burst,"21@('es2_0', 'sw2')",0,1879.92512,1879.92512,0.0
line-s0,out-burst,"32@('es2_0', 'sw2')",1,11712.850861556744,11712.850861556744,0.0
line-s0,out-burst,"42@('es2_0', 'sw2')",1,16332.980681215975,16332.980681215975,0.0
line-s0,hop-delay,"('sw0', 'es0_3')",0,11.675246239761005,11.675246239761005,0.0
line-s0,hop-delay,"('sw0', 'es0_3')",1,40.5935186452236,40.5935186452236,0.0
line-s0,hop-delay,"('es0_1', 'sw0')",0,11.816,11.816,0.0
line-s0,hop-delay,"('es0_1', 'sw0')",1,29.60015372543996,29.60015372543996,0.0
line-s0,out-burst,"17@('es0_1', 'sw0')",1,12302.406763919358,12302.406763919358,0.0
line-s0,out-burst,"22@('es0_1', 'sw0')",1,19862.794920655255,19862.794920655255,0.0
line-s0,out-burst,"43@('es0_1', 'sw0')",0,825.641856,825.641856,0.0
line-s0,hop-delay,"('sw0', 'es0_2')",0,7.344357524760943,7.344357524760944,1.2093343995110521e-16
line-s0,hop-delay,"('es2_3', 'sw2')",0,12.072000000000001,12.072,1.471468554837848e-16
line-s0,hop-delay,"('es2_3', 'sw2')",1,12.098713960424618,12.098713960424618,0.0
line-s0,out-burst,"19@('es2_3', 'sw2')",0,578.654976,578.654976,0.0
line-s0,out-burst,"23@('es2_3', 'sw2')",1,12077.508739296367,12077.508739296367,0.0
line-s0,hop-delay,"('es3_3', 'sw3')",1,24.64,24.64,0.0
line-s0,out-burst,"20@('es3_3', 'sw3')",1,9878.25152,9878.25152,0.0
line-s0,out-burst,"33@('es3_3', 'sw3')",1,17190.26688,17190.26688,0.0
line-s0,hop-delay,"('sw1', 'es1_2')",1,15.164341992330064,15.164341992330064,0.0
line-s0,hop-delay,"('sw1', 'es1_1')",0,15.355956908835042,15.355956908835044,1.156786809149109e-16
line-s0,hop-delay,"('sw1', 'es1_1')",1,16.8331862513137,16.8331862513137,0.0
line-s0,hop-delay,"('sw2', 'es2_3')",0,12.208855865674536,12.208855865674536,0.0
line-s0,hop-delay,"('sw2', 'es2_3')",1,25.087565165066565,25.087565165066565,0.0
line-s0,hop-delay,"('es3_1', 'sw3')",0,0.904,0.904,0.0
line-s0,out-burst,"29@('es3_1', 'sw3')",0,904.817216,904.817216,0.0
line-s0,hop-delay,"('es4_2', 'sw4')",1,20.416,20.416,0.0
line-s0,out-burst,"31@('es4_2', 'sw4')",1,11409.921024,11409.921024,0.0
line-s0,out-burst,"59@('es4_2', 'sw4')",1,10824.572928,10824.572928,0.0
line-s0,hop-delay,"('sw2', 'es2_1')",0,11.582093001487776,11.582093001487776,0.0
line-s0,hop-delay,"('sw2', 'es2_1')",1,13.077697056915412,13.077697056915412,0.0
line-s0,hop-delay,"('sw1', 'es1_0')",0,3.0871157730758116,3.087115773075811,1.4385246375376443e-16
line-s1,hop-delay,"('es1_0', 'sw1')",1,20.512,20.512,0.0
line-s1,out-burst,"0@('es1_0', 'sw1')",1,22194.968576,22194.968576,0.0
line-s1,hop-delay,"('sw1', 'sw2')",0,14.140426238586882,14.14042623858688,1.2562258092000557e-16
line-s1,hop-delay,"('sw1', 'sw2')",1,98.48147990811839,98.48147990811839,0.0
line-s1,out-burst,"0@('sw1', 'sw2')",1,30275.177039501297,30275.177039501297,0.0
line-s1,out-burst,"3@('sw1', 'sw2')",1,14790.308638548038,14790.308638548038,0.0
line-s1,out-burst,"6@('sw1', 'sw2')",1,37032.60972204515,37032.60972204515,0.0
line-s1,out-burst,"12@('sw1', 'sw2')",0,2031.5967346046016,2031.5967346046016,0.0
line-s1,out-burst,"13@('sw1', 'sw2')",0,582.7486898555302,582.7486898555302,0.0
line-s1,out-burst,"22@('sw1', 'sw2')",1,13537.567043079085,13537.567043079085,0.0
line-s1,out-burst,"26@('sw1', 'sw2')",1,26495.70695582788,26495.70695582788,0.0
line-s1,hop-delay,"('sw2', 'sw3')",0,16.817476304460133,16.81747630446013,2.112512968344895e-16
line-s1,hop-delay,"('sw2', 'sw3')",1,138.98623769019517,138.98623769019514,2.0449297644675382e-16
line-s1,out-burst,"0@('sw2', 'sw3')",1,41678.71986950643,41678.71986950643,0.0
line-s1,out-burst,"3@('sw2', 'sw3')",1,17954.747298278402,17954.747298278402,0.0
line-s1,out-burst,"6@('sw2', 'sw3')",1,49912.74234127092,49912.74234127092,0.0
line-s1,out-burst,"12@('sw2', 'sw3')",0,2064.424448350908,2064.424448350908,0.0
line-s1,out-burst,"13@('sw2', 'sw3')",0,618.8053590522927,618.8053590522927,0.0
line-s1,out-burst,"14@('sw2', 'sw3')",1,14936.72729209021,14936.727292090209,1.217796487794959e-16
line-s1,out-burst,"24@('sw2', 'sw3')",1,14025.782799189506,14025.782799189506,0.0
line-s1,out-burst,"26@('sw2', 'sw3')",1,35711.05045963859,35711.05045963858,2.0374526989641127e-16
line-s1,out-burst,"27@('sw2', 'sw3')",0,1210.5384538439814,1210.5384538439814,0.0
line-s1,out-burst,"47@('sw2', 'sw3')",0,1183.4429925131737,1183.4429925131737,0.0
line-s1,hop-delay,"('sw3', 'sw4')",0,12.522805359052292,12.522805359052292,0.0
line-s1,hop-delay,"('sw3', 'sw4')",1,150.13588672288932,150.1358867228893,1.8930656787516017e-16
line-s1,out-burst,"0@('sw3', 'sw4')",1,53997.06910334605,53997.06910334605,0.0
line-s1,out-burst,"3@('sw3', 'sw4')",1,21373.041167185147,21373.041167185147,0.0
line-s1,out-burst,"9@('sw3', 'sw4')",1,38080.90294211373,38080.90294211373,0.0
line-s1,out-burst,"13@('sw3', 'sw4')",0,645.6542537421009,645.6542537421009,0.0
line-s1,out-burst,"14@('sw3', 'sw4')",1,18374.238554497482,18374.238554497486,1.9799344589445532e-16
line-s1,out-burst,"24@('sw3', 'sw4')",1,15813.000394738781,15813.000394738781,0.0
line-s1,out-burst,"26@('sw3', 'sw4')",1,45665.66029291304,45665.66029291304,0.0
line-s1,hop-delay,"('sw4', 'es4_2')",1,93.7443488250287,93.7443488250287,0.0
line-s1,hop-delay,"('es3_2', 'sw3')",1,32.312,32.312,0.0
line-s1,out-burst,"1@('es3_2', 'sw3')",1,11807.417088,11807.417088,0.0
line-s1,out-burst,"20@('es3_2', 'sw3')",1,13405.745408,13405.745408,0.0
line-s1,out-burst,"50@('es3_2', 'sw3')",1,9862.676736,9862.676736,0.0
line-s1,hop-delay,"('sw3', 'es3_3')",0,12.520424448350909,12.520424448350907,1.4187672684165418e-16
line-s1,hop-delay,"('sw3', 'es3_3')",1,28.369113317866486,28.36911331786649,1.2523174901497712e-16
line-s1,hop-delay,"('es3_0', 'sw3')",0,11.120000000000001,11.12,1.5974432008995057e-16
line-s1,hop-delay,"('es3_0', 'sw3')",1,36.733712637230546,36.733712637230546,0.0
line-s1,out-burst,"2@('es3_0', 'sw3')",1,23580.98052728584,23580.98052728584,0.0
line-s1,out-burst,"10@('es3_0', 'sw3')",1,7514.271976921227,7514.271976921227,0.0
line-s1,out-burst,"25@('es3_0', 'sw3')",0,858.6816,858.6816,0.0
line-s1,out-burst,"32@('es3_0', 'sw3')",1,8575.861270935171,8575.861270935171,0.0
line-s1,hop-delay,"('sw3', 'es3_1')",0,12.66653845384398,12.66653845384398,0.0
line-s1,hop-delay,"('sw3', 'es3_1')",1,64.88984791534796,64.88984791534796,0.0
line-s1,hop-delay,"('es1_3', 'sw1')",1,51.128,51.128,0.0
line-s1,out-burst,"3@('es1_3', 'sw1')",1,12548.082304,12548.082304,0.0
line-s1,out-burst,"6@('es1_3', 'sw1')",1,27906.134016,27906.134016,0.0
line-s1,out-burst,"26@('es1_3', 'sw1')",1,19965.990912,19965.990912,0.0
line-s1,hop-delay,"('es4_1', 'sw4')",0,13.688,13.687999999999999,1.297747544856992e-16
line-s1,hop-delay,"('es4_1', 'sw4')",1,46.64713594354434,46.64713594354434,0.0
line-s1,out-burst,"4@('es4_1', 'sw4')",1,15568.510431672143,15568.510431672143,0.0
line-s1,out-burst,"7@('es4_1', 'sw4')",0,2046.532992,2046.532992,0.0
line-s1,out-burst,"35@('es4_1', 'sw4')",1,9919.880225952124,9919.880225952122,1.8336808127854864e-16
line-s1,out-burst,"45@('es4_1', 'sw4')",1,20106.261463509378,20106.261463509378,0.0
line-s1,out-burst,"59@('es4_1', 'sw4')",0,1974.495744,1974.495744,0.0
line-s1,hop-delay,"('sw4', 'sw3')",0,18.639669632,18.639669632,0.0
line-s1,hop-delay,"('sw4', 'sw3')",1,135.22772267843837,135.22772267843834,2.1017664771290094e-16
line-s1,out-burst,"4@('sw4', 'sw3')",1,19419.795973554068,19419.795973554068,0.0
line-s1,out-burst,"5@('sw4', 'sw3')",1,14080.833971865819,14080.833971865819,0.0
line-s1,out-burst,"7@('sw4', 'sw3')",0,2120.7934358138878,2120.7934358138878,0.0
line-s1,out-burst,"8@('sw4', 'sw3')",1,32293.35043863615,32293.35043863615,0.0
line-s1,out-burst,"11@('sw4', 'sw3')",1,18219.85317791745,18219.85317791745,0.0
line-s1,out-burst,"15@('sw4', 'sw3')",1,24220.01282897711,24220.01282897711,0.0
line-s1,out-burst,"21@('sw4', 'sw3')",1,7563.214260780425,7563.214260780425,0.0
line-s1,out-burst,"30@('sw4', 'sw3')",0,1992.194939121664,1992.194939121664,0.0
line-s1,out-burst,"35@('sw4', 'sw3')",1,14441.895272319103,14441.895272319103,0.0
line-s1,out-burst,"45@('sw4', 'sw3')",1,21434.738611102355,21434.738611102355,0.0
line-s1,out-burst,"57@('sw4', 'sw3')",0,1044.021045673984,1044.021045673984,0.0
line-s1,out-burst,"59@('sw4', 'sw3')",0,2114.0695902044163,2114.0695902044163,0.0
line-s1,hop-delay,"('sw3', 'sw2')",0,19.444177127692285,19.44417712769229,1.8271350108926676e-16
line-s1,hop-delay,"('sw3', 'sw2')",1,158.92704375950026,158.92704375950024,1.788349468918189e-16
line-s1,out-burst,"4@('sw3', 'sw2')",1,23946.038179824634,23946.038179824634,0.0
line-s1,out-burst,"5@('sw3', 'sw2')",1,15938.373259326858,15938.373259326858,0.0
line-s1,out-burst,"7@('sw3', 'sw2')",0,2198.259037490614,2198.259037490614,0.0
line-s1,out-burst,"11@('sw3', 'sw2')",1,19533.226267545957,19533.226267545957,0.0
line-s1,out-burst,"15@('sw3', 'sw2')",1,29682.017468903614,29682.017468903614,0.0
line-s1,out-burst,"16@('sw3', 'sw2')",1,12346.239734453506,12346.239734453506,0.0
line-s1,out-burst,"17@('sw3', 'sw2')",0,1650.0332462383508,1650.0332462383508,0.0
line-s1,out-burst,"20@('sw3', 'sw2')",1,17408.164078039255,17408.164078039255,0.0
line-s1,out-burst,"21@('sw3', 'sw2')",1,10467.129204354014,10467.129204354014,0.0
line-s1,out-burst,"25@('sw3', 'sw2')",0,891.347817574523,891.347817574523,0.0
line-s1,out-burst,"32@('sw3', 'sw2')",1,9890.505776913757,9890.505776913757,0.0
line-s1,out-burst,"45@('sw3', 'sw2')",1,22996.037888995685,22996.037888995685,0.0
line-s1,out-burst,"50@('sw3', 'sw2')",1,12807.27700277602,12807.27700277602,0.0
line-s1,out-burst,"57@('sw3', 'sw2')",0,1116.1978311719777,1116.1978311719777,0.0
line-s1,out-burst,"59@('sw3', 'sw2')",0,2259.667588536576,2259.667588536576,0.0
line-s1,hop-delay,"('sw2', 'sw1')",0,20.682696075601715,20.68269607560171,1.7177227116881777e-16
line-s1,hop-delay,"('sw2', 'sw1')",1,167.8752619462325,167.8752619462325,0.0
line-s1,out-burst,"4@('sw2', 'sw1')",1,28727.125640053335,28727.12564005334,1.266391511867582e-16
line-s1,out-burst,"5@('sw2', 'sw1')",1,17900.499320954423,17900.499320954423,0.0
line-s1,out-burst,"7@('sw2', 'sw1')",0,2280.6588986558113,2280.6588986558113,0.0
line-s1,out-burst,"11@('sw2', 'sw1')",1,20920.54743226962,20920.54743226962,0.0
line-s1,out-burst,"15@('sw2', 'sw1')",1,35451.55447147173,35451.55447147173,0.0
line-s1,out-burst,"19@('sw2', 'sw1')",1,25273.778696434318,25273.778696434318,0.0
line-s1,out-burst,"20@('sw2', 'sw1')",1,21635.934674893175,21635.934674893175,0.0
line-s1,out-burst,"21@('sw2', 'sw1')",1,13534.545990635575,13534.545990635575,0.0
line-s1,out-burst,"25@('sw2', 'sw1')",0,926.0947469815338,926.0947469815338,0.0
line-s1,out-burst,"28@('sw2', 'sw1')",1,8902.07464016115,8902.07464016115,0.0
line-s1,out-burst,"29@('sw2', 'sw1')",0,603.3716865081515,603.3716865081515,0.0
line-s1,out-burst,"31@('sw2', 'sw1')",0,2016.4545963814721,2016.4545963814721,0.0
line-s1,out-burst,"46@('sw2', 'sw1')",0,1138.771062036069,1138.771062036069,0.0
line-s1,out-burst,"50@('sw2', 'sw1')",1,15917.669856115815,15917.669856115815,0.0
line-s1,out-burst,"51@('sw2', 'sw1')",1,8978.34700549913,8978.34700549913,0.0
line-s1,out-burst,"59@('sw2', 'sw1')",0,2414.539616750682,2414.539616750682,0.0
line-s1,hop-delay,"('sw1', 'sw0')",0,14.947884557073351,14.947884557073351,0.0
line-s1,hop-delay,"('sw1', 'sw0')",1,137.00688760937024,137.0068876093702,2.074473037548236e-16
line-s1,out-burst,"4@('sw1', 'sw0')",1,32629.081799168198,32629.081799168198,0.0
line-s1,out-burst,"7@('sw1', 'sw0')",0,2340.2112707311917,2340.2112707311917,0.0
line-s1,out-burst,"11@('sw1', 'sw0')",1,22052.772351473457,22052.772351473457,0.0
line-s1,out-burst,"19@('sw1', 'sw0')",1,35699.45481595695,35699.45481595695,0.0
line-s1,out-burst,"20@('sw1', 'sw0')",1,25086.316132447555,25086.316132447555,0.0
line-s1,out-burst,"28@('sw1', 'sw0')",1,10693.028674990837,10693.028674990837,0.0
line-s1,out-burst,"31@('sw1', 'sw0')",0,2072.897808468981,2072.897808468981,0.0
line-s1,out-burst,"46@('sw1', 'sw0')",0,1155.3931096635345,1155.3931096635345,0.0
line-s1,out-burst,"50@('sw1', 'sw0')",1,18456.133469742228,18456.133469742228,0.0
line-s1,out-burst,"51@('sw1', 'sw0')",1,10784.645811741068,10784.645811741068,0.0
line-s1,hop-delay,"('sw0', 'es0_0')",1,64.59763236361576,64.59763236361576,0.0
line-s1,hop-delay,"('es4_0', 'sw4')",0,12.616000000000001,12.616000000000001,0.0
line-s1,hop-delay,"('es4_0', 'sw4')",1,69.49797648872615,69.49797648872615,0.0
line-s1,out-burst,"5@('es4_0', 'sw4')",1,12500.292349200232,12500.292349200232,0.0
line-s1,out-burst,"8@('es4_0', 'sw4')",1,26096.67527461939,26096.67527461939,0.0
line-s1,out-burst,"11@('es4_0', 'sw4')",1,17102.331277702833,17102.331277702833,0.0
line-s1,out-burst,"15@('es4_0', 'sw4')",1,19572.50645596454,19572.50645596454,0.0
line-s1,out-burst,"57@('es4_0', 'sw4')",0,974.830592,974.830592,0.0
line-s1,hop-delay,"('sw1', 'es1_3')",0,12.41903616,12.419036160000001,1.4303500018154792e-16
line-s1,hop-delay,"('sw1', 'es1_3')",1,28.10370985410437,28.103709854104373,1.2641440212853781e-16
line-s1,hop-delay,"('sw3', 'es3_2')",0,13.576194939121663,13.576194939121663,0.0
line-s1,hop-delay,"('sw3', 'es3_2')",1,52.006453878363146,52.006453878363146,0.0
line-s1,hop-delay,"('sw0', 'es0_3')",0,12.677109079200173,12.677109079200171,1.40123180159015e-16
line-s1,hop-delay,"('sw0', 'es0_3')",1,26.672862846361394,26.672862846361394,0.0
line-s1,hop-delay,"('es3_3', 'sw3')",1,33.232000000000006,33.232,2.138128116755236e-16
line-s1,out-burst,"9@('es3_3', 'sw3')",1,24888.162304,24888.162304,0.0
line-s1,out-burst,"16@('es3_3', 'sw3')",1,11451.162624,11451.162624,0.0
line-s1,hop-delay,"('sw4', 'es4_0')",0,12.549654253742101,12.549654253742101,0.0
line-s1,hop-delay,"('sw4', 'es4_0')",1,114.86970165986641,114.86970165986641,0.0
line-s1,hop-delay,"('es0_0', 'sw0')",0,11.632,11.632,0.0
line-s1,hop-delay,"('es0_0', 'sw0')",1,11.668499065075556,11.668499065075556,0.0
line-s1,out-burst,"12@('es0_0', 'sw0')",0,1974.705664,1974.705664,0.0
line-s1,out-burst,"18@('es0_0', 'sw0')",1,8900.91566419761,8900.91566419761,0.0
line-s1,out-burst,"33@('es0_0', 'sw0')",0,1189.679232,1189.679232,0.0
line-s1,hop-delay,"('sw0', 'sw1')",0,15.004589439999998,15.00458944,1.1838756711761455e-16
line-s1,hop-delay,"('sw0', 'sw1')",1,15.60410885355213,15.60410885355213,0.0
line-s1,out-burst,"12@('sw0', 'sw1')",0,2003.99462258688,2003.99462258688,0.0
line-s1,out-burst,"18@('sw0', 'sw1')",1,9431.705030960038,9431.705030960038,0.0
line-s1,out-burst,"33@('sw0', 'sw1')",0,1207.32462918144,1207.32462918144,0.0
line-s1,out-burst,"36@('sw0', 'sw1')",0,1714.85217527808,1714.85217527808,0.0
line-s1,out-burst,"43@('sw0', 'sw1')",0,1769.23760224256,1769.23760224256,0.0
line-s1,hop-delay,"('es1_1', 'sw1')",0,7.664,7.664000000000001,1.1588966854124806e-16
line-s1,hop-delay,"('es1_1', 'sw1')",1,14.12261545378637,14.12261545378637,0.0
line-s1,out-burst,"13@('es1_1', 'sw1')",0,552.431616,552.431616,0.0
line-s1,out-burst,"22@('es1_1', 'sw1')",1,12906.497719827863,12906.497719827863,0.0
line-s1,out-burst,"44@('es1_1', 'sw1')",0,731.03616,731.03616,0.0
line-s1,hop-delay,"('es2_3', 'sw2')",0,13.336,13.336,0.0
line-s1,hop-delay,"('es2_3', 'sw2')",1,13.386547603751765,13.386547603751767,1.3269715926624737e-16
line-s1,out-burst,"14@('es2_3', 'sw2')",1,11754.4983939355,11754.4983939355,0.0
line-s1,out-burst,"31@('es2_3', 'sw2')",0,1938.356736,1938.356736,0.0
line-s1,hop-delay,"('sw1', 'es1_0')",0,11.836318608767765,11.836318608767765,0.0
line-s1,hop-delay,"('sw1', 'es1_0')",1,39.0353242600045,39.035324260004494,1.8202557535512024e-16
line-s1,hop-delay,"('sw2', 'es2_3')",0,10.26603324623835,10.26603324623835,0.0
line-s1,hop-delay,"('sw2', 'es2_3')",1,33.98896260612508,33.98896260612508,0.0
line-s1,hop-delay,"('es3_1', 'sw3')",0,1.616,1.616,0.0
line-s1,out-burst,"17@('es3_1', 'sw3')",0,1618.611456,1618.611456,0.0
line-s1,hop-delay,"('es2_0', 'sw2')",0,12.488,12.488,0.0
line-s1,hop-delay,"('es2_0', 'sw2')",1,39.25492487612765,39.25492487612765,0.0
line-s1,out-burst,"19@('es2_0', 'sw2')",1,12499.14276337381,12499.14276337381,0.0
line-s1,out-burst,"24@('es2_0', 'sw2')",1,12371.290625725424,12371.290625725424,0.0
line-s1,out-burst,"29@('es2_0', 'sw2')",0,591.292992,591.292992,0.0
line-s1,out-burst,"41@('es2_0', 'sw2')",1,19937.763461861727,19937.763461861727,0.0
line-s1,hop-delay,"('sw0', 'es0_1')",0,10.667393109663536,10.667393109663536,0.0
line-s1,hop-delay,"('sw0', 'es0_1')",1,52.150787685267574,52.15078768526757,1.362477475984176e-16
line-s1,hop-delay,"('es4_3', 'sw4')",1,28.696,28.696,0.0
line-s1,out-burst,"21@('es4_3', 'sw4')",1,5092.333312,5092.333312,0.0
line-s1,out-burst,"37@('es4_3', 'sw4')",1,14418.203136,14418.203136,0.0
line-s1,out-burst,"58@('es4_3', 'sw4')",1,11272.695808,11272.695808,0.0
line-s1,hop-delay,"('sw1', 'es1_1')",0,8.189864245932123,8.189864245932121,2.1689698217922974e-16
line-s1,hop-delay,"('sw1', 'es1_1')",1,17.306352474405948,17.30635247440595,2.0528379299188227e-16
line-s1,hop-delay,"('sw2', 'es2_0')",1,13.537567043079084,13.537567043079084,0.0
line-s1,hop-delay,"('es0_3', 'sw0')",1,10.904,10.904,0.0
line-s1,out-burst,"23@('es0_3', 'sw0')",1,6882.234432,6882.234432,0.0
line-s1,out-burst,"42@('es0_3', 'sw0')",1,4453.302272,4453.302272,0.0
line-s1,hop-delay,"('es2_2', 'sw2')",0,3.392,3.392,0.0
line-s1,out-burst,"27@('es2_2', 'sw2')",0,1135.19616,1135.19616,0.0
line-s1,out-burst,"46@('es2_2', 'sw2')",0,1115.771904,1115.771904,0.0
line-s1,out-burst,"47@('es2_2', 'sw2')",0,1163.93472,1163.93472,0.0
line-s1,hop-delay,"('es2_1', 'sw2')",1,13.128,13.128,0.0
line-s1,out-burst,"28@('es2_1', 'sw2')",1,6707.609216,6707.609216,0.0
line-s1,out-burst,"51@('es2_1', 'sw2')",1,6765.079552,6765.079552,0.0
line-s1,hop-delay,"('sw0', 'es0_2')",1,29.149162144733065,29.149162144733065,0.0
line-s1,hop-delay,"('es4_2', 'sw4')",0,1.9520000000000002,1.952,1.1375235908044636e-16
line-s1,out-burst,"30@('es4_2', 'sw4')",0,1955.810304,1955.810304,0.0
line-s1,hop-delay,"('sw2', 'es2_1')",0,10.940197831171979,10.940197831171977,1.6236971824575832e-16
line-s1,hop-delay,"('sw2', 'es2_1')",1,34.1294299410225,34.129429941022494,2.0819062521347601e-16
line-s1,hop-delay,"('es0_2', 'sw0')",0,1.608,1.608,0.0
line-s1,out-burst,"36@('es0_2', 'sw0')",0,1618.342656,1618.342656,0.0
line-s1,hop-delay,"('es0_1', 'sw0')",0,1.7120000000000002,1.712,1.2969895147490144e-16
line-s1,out-burst,"43@('es0_1', 'sw0')",0,1717.861888,1717.861888,0.0
line-s1,hop-delay,"('sw1', 'es1_2')",0,1.76923760224256,1.76923760224256,0.0
line-s1,hop-delay,"('sw3', 'es3_0')",0,1.1834429925131738,1.1834429925131738,0.0
line-s1,hop-delay,"('sw4', 'es4_1')",1,11.272695808,11.272695808,0.0
tree-s0,hop-delay,"('es3_2', 'sw3')",0,4.904,4.904,0.0
tree-s0,out-burst,"0@('es3_2', 'sw3')",0,1567.222016,1567.222016,0.0
tree-s0,out-burst,"26@('es3_2', 'sw3')",0,1957.66272,1957.66272,0.0
tree-s0,out-burst,"37@('es3_2', 'sw3')",0,1460.090112,1460.090112,0.0
tree-s0,hop-delay,"('sw3', 'es3_3')",0,11.375222015999999,11.375222016,1.561601907111516e-16
tree-s0,hop-delay,"('sw3', 'es3_3')",1,28.936356779257526,28.93635677925753,1.2277681347042262e-16
tree-s0,hop-delay,"('es2_4', 'sw2')",1,53.848,53.848,0.0
tree-s0,out-burst,"1@('es2_4', 'sw2')",1,13738.791168,13738.791168,0.0
tree-s0,out-burst,"28@('es2_4', 'sw2')",1,25042.791168,25042.791168,0.0
tree-s0,out-burst,"45@('es2_4', 'sw2')",1,24230.054912,24230.054912,0.0
tree-s0,hop-delay,"('sw2', 'sw0')",0,14.672700800000001,14.672700800000001,0.0
tree-s0,hop-delay,"('sw2', 'sw0')",1,128.92005231034798,128.92005231034796,2.204599588742386e-16
tree-s0,out-burst,"1@('sw2', 'sw0')",1,19568.040253264695,19568.040253264695,0.0
tree-s0,out-burst,"4@('sw2', 'sw0')",1,14644.718548431514,14644.718548431514,0.0
tree-s0,out-burst,"7@('sw2', 'sw0')",1,5909.479949921396,5909.479949921396,0.0
tree-s0,out-burst,"11@('sw2', 'sw0')",1,21521.146324923644,21521.146324923644,0.0
tree-s0,out-burst,"16@('sw2', 'sw0')",1,18874.168923898473,18874.168923898473,0.0
tree-s0,out-burst,"21@('sw2', 'sw0')",0,1933.6858957312002,1933.6858957312002,0.0
tree-s0,out-burst,"28@('sw2', 'sw0')",1,30872.040253264695,30872.040253264695,0.0
tree-s0,out-burst,"30@('sw2', 'sw0')",1,12790.130248201966,12790.130248201966,0.0
tree-s0,out-burst,"42@('sw2', 'sw0')",1,23560.754493943325,23560.754493943325,0.0
tree-s0,out-burst,"53@('sw2', 'sw0')",1,10006.850698275344,10006.850698275344,0.0
tree-s0,out-burst,"54@('sw2', 'sw0')",0,1531.2678215168,1531.2678215168,0.0
tree-s0,hop-delay,"('sw0', 'sw4')",0,13.243838418654208,13.243838418654207,1.341270395520846e-16
tree-s0,hop-delay,"('sw0', 'sw4')",1,230.3217339491478,230.3217339491478,0.0
tree-s0,out-burst,"1@('sw0', 'sw4')",1,29982.26777550936,29982.26777550936,0.0
tree-s0,out-burst,"4@('sw0', 'sw4')",1,19752.333320487814,19752.333320487814,0.0
tree-s0,out-burst,"7@('sw0', 'sw4')",1,7097.940097098999,7097.940097098999,0.0
tree-s0,out-burst,"8@('sw0', 'sw4')",1,44185.37076137235,44185.37076137235,0.0
tree-s0,out-burst,"9@('sw0', 'sw4')",1,41840.92826320155,41840.928263201546,1.7389570251438514e-16
tree-s0,out-burst,"12@('sw0', 'sw4')",1,54978.1653750478,54978.1653750478,0.0
tree-s0,out-burst,"14@('sw0', 'sw4')",1,17062.881764840728,17062.881764840728,0.0
tree-s0,out-burst,"15@('sw0', 'sw4')",1,17682.52529492999,17682.52529492999,0.0
tree-s0,out-burst,"22@('sw0', 'sw4')",1,45844.15155718467,45844.15155718467,0.0
tree-s0,out-burst,"23@('sw0', 'sw4')",1,29444.714436361992,29444.714436361992,0.0
tree-s0,out-burst,"35@('sw0', 'sw4')",1,37612.80924702638,37612.80924702638,0.0
tree-s0,out-burst,"43@('sw0', 'sw4')",0,846.5489839041178,846.5489839041178,0.0
tree-s0,out-burst,"58@('sw0', 'sw4')",0,877.4984497842572,877.4984497842572,0.0
tree-s0,hop-delay,"('sw4', 'es4_0')",1,117.28402319164208,117.28402319164208,0.0
tree-s0,hop-delay,"('es1_3', 'sw1')",1,46.568,46.568,0.0
tree-s0,out-burst,"2@('es1_3', 'sw1')",1,18277.23392,18277.23392,0.0
tree-s0,out-burst,"9@('es1_3', 'sw1')",1,25255.814144,25255.814144,0.0
tree-s0,out-burst,"15@('es1_3', 'sw1')",1,8000.218368,8000.218368,0.0
tree-s0,hop-delay,"('sw1', 'sw0')",0,12.377641856,12.377641856,0.0
tree-s0,hop-delay,"('sw1', 'sw0')",1,128.60126897678603,128.60126897678603,0.0
tree-s0,out-burst,"2@('sw1', 'sw0')",1,22577.660354583724,22577.660354583724,0.0
tree-s0,out-burst,"3@('sw1', 'sw0')",1,11165.835603088031,11165.835603088031,0.0
tree-s0,out-burst,"9@('sw1', 'sw0')",1,31198.221580879326,31198.22158087933,1.1660853160044695e-16
tree-s0,out-burst,"12@('sw1', 'sw0')",1,34901.480470168484,34901.480470168484,0.0
tree-s0,out-burst,"15@('sw1', 'sw0')",1,11469.366199917778,11469.36619991778,1.5859545957813223e-16
tree-s0,out-burst,"22@('sw1', 'sw0')",1,29482.095577437205,29482.09557743721,1.23396208303316e-16
tree-s0,out-burst,"24@('sw1', 'sw0')",1,9044.094874058925,9044.094874058927,2.011245380411967e-16
tree-s0,out-burst,"35@('sw1', 'sw0')",1,20056.76539848654,20056.76539848654,0.0
tree-s0,out-burst,"43@('sw1', 'sw0')",0,835.7420117544959,835.7420117544959,0.0
tree-s0,out-burst,"49@('sw1', 'sw0')",1,5203.31642531963,5203.31642531963,0.0
tree-s0,hop-delay,"('sw0', 'sw2')",0,16.534605024241664,16.534605024241664,0.0
tree-s0,hop-delay,"('sw0', 'sw2')",1,135.89256275985372,135.89256275985375,2.091483805528799e-16
tree-s0,out-burst,"2@('sw0', 'sw2')",1,27121.907653273232,27121.907653273232,0.0
tree-s0,out-burst,"6@('sw0', 'sw2')",1,36719.270342385345,36719.27034238534,1.9815093127775827e-16
tree-s0,out-burst,"13@('sw0', 'sw2')",1,17186.51798676887,17186.51798676887,0.0
tree-s0,out-burst,"20@('sw0', 'sw2')",1,17507.122427777453,17507.122427777453,0.0
tree-s0,out-burst,"24@('sw0', 'sw2')",1,10892.233727592935,10892.233727592935,0.0
tree-s0,out-burst,"25@('sw0', 'sw2')",0,2084.3820394781683,2084.3820394781683,0.0
tree-s0,out-burst,"26@('sw0', 'sw2')",0,2232.063229871936,2232.063229871936,0.0
tree-s0,out-burst,"41@('sw0', 'sw2')",0,1856.7237850130516,1856.7237850130516,0.0
tree-s0,out-burst,"46@('sw0', 'sw2')",1,11276.094413501392,11276.094413501392,0.0
tree-s0,out-burst,"49@('sw0', 'sw2')",1,5814.289387487933,5814.289387487933,0.0
tree-s0,out-burst,"51@('sw0', 'sw2')",1,19501.730403364447,19501.730403364447,0.0
tree-s0,out-burst,"59@('sw0', 'sw2')",1,13074.546865658564,13074.546865658564,0.0
tree-s0,hop-delay,"('sw2', 'es2_3')",0,13.984063229871936,13.984063229871937,1.2702723165651175e-16
tree-s0,hop-delay,"('sw2', 'es2_3')",1,59.488938078189705,59.4889380781897,1.1944115304700738e-16
tree-s0,hop-delay,"('es1_2', 'sw1')",1,28.72,28.72,0.0
tree-s0,out-burst,"3@('es1_2', 'sw1')",1,9925.09056,9925.09056,0.0
tree-s0,out-burst,"34@('es1_2', 'sw1')",1,14785.31136,14785.31136,0.0
tree-s0,out-burst,"49@('es1_2', 'sw1')",1,4625.12512,4625.12512,0.0
tree-s0,hop-delay,"('sw0', 'sw3')",0,12.168601537949696,12.168601537949696,0.0
tree-s0,hop-delay,"('sw0', 'sw3')",1,126.04160086660825,126.04160086660823,1.12747335939041e-16
tree-s0,out-burst,"3@('sw0', 'sw3')",1,12381.884968249067,12381.884968249067,0.0
tree-s0,out-burst,"10@('sw0', 'sw3')",1,8737.039332397551,8737.039332397551,0.0
tree-s0,out-burst,"28@('sw0', 'sw3')",1,36571.13727804925,36571.13727804925,0.0
tree-s0,out-burst,"30@('sw0', 'sw3')",1,14197.762846680247,14197.762846680247,0.0
tree-s0,out-burst,"31@('sw0', 'sw3')",1,27279.316311814713,27279.316311814713,0.0
tree-s0,out-burst,"33@('sw0', 'sw3')",1,29849.5397931181,29849.5397931181,0.0
tree-s0,out-burst,"38@('sw0', 'sw3')",0,884.6553932842371,884.6553932842371,0.0
tree-s0,out-burst,"42@('sw0', 'sw3')",1,30627.15080492885,30627.15080492885,0.0
tree-s0,hop-delay,"('sw3', 'es3_0')",1,72.85857556629601,72.85857556629601,0.0
tree-s0,hop-delay,"('es2_1', 'sw2')",0,14.08,14.08,0.0
tree-s0,hop-delay,"('es2_1', 'sw2')",1,31.465885118923012,31.465885118923012,0.0
tree-s0,out-burst,"4@('es2_1', 'sw2')",1,11785.787468397237,11785.787468397237,0.0
tree-s0,out-burst,"36@('es2_1', 'sw2')",0,929.5616,929.5616,0.0
tree-s0,out-burst,"39@('es2_1', 'sw2')",1,12491.574163835166,12491.574163835166,0.0
tree-s0,out-burst,"53@('es2_1', 'sw2')",1,6863.264142739818,6863.264142739818,0.0
tree-s0,out-burst,"54@('es2_1', 'sw2')",0,1488.77568,1488.77568,0.0
tree-s0,hop-delay,"('sw4', 'es4_2')",1,61.59326158368937,61.59326158368937,0.0
tree-s0,hop-delay,"('es4_2', 'sw4')",0,7.848,7.848,0.0
tree-s0,out-burst,"5@('es4_2', 'sw4')",0,1338.422144,1338.422144,0.0
tree-s0,out-burst,"18@('es4_2', 'sw4')",0,1864.756736,1864.756736,0.0
tree-s0,out-burst,"41@('es4_2', 'sw4')",0,1738.871552,1738.871552,0.0
tree-s0,out-burst,"44@('es4_2', 'sw4')",0,1499.677824,1499.677824,0.0
tree-s0,out-burst,"50@('es4_2', 'sw4')",0,1523.866176,1523.866176,0.0
tree-s0,hop-delay,"('sw4', 'sw0')",0,17.884855552,17.884855552,0.0
tree-s0,hop-delay,"('sw4', 'sw0')",1,76.2090527811119,76.20905278111191,1.8647200295243802e-16
tree-s0,out-burst,"5@('sw4', 'sw0')",0,1362.1732321730558,1362.1732321730558,0.0
tree-s0,out-burst,"10@('sw4', 'sw0')",1,7230.590118839849,7230.590118839849,0.0
tree-s0,out-burst,"13@('sw4', 'sw0')",1,13964.233538607219,13964.233538607219,0.0
tree-s0,out-burst,"18@('sw4', 'sw0')",0,1994.100011352064,1994.100011352064,0.0
tree-s0,out-burst,"20@('sw4', 'sw0')",1,12619.338730431033,12619.338730431033,0.0
tree-s0,out-burst,"31@('sw4', 'sw0')",1,17389.588141417164,17389.588141417164,0.0
tree-s0,out-burst,"33@('sw4', 'sw0')",1,21960.343911675354,21960.343911675354,0.0
tree-s0,out-burst,"38@('sw4', 'sw0')",0,864.601537949696,864.601537949696,0.0
tree-s0,out-burst,"41@('sw4', 'sw0')",0,1800.1092974100482,1800.1092974100482,0.0
tree-s0,out-burst,"44@('sw4', 'sw0')",0,1526.290489061376,1526.290489061376,0.0
tree-s0,out-burst,"59@('sw4', 'sw0')",1,11632.998559902035,11632.998559902035,0.0
tree-s0,hop-delay,"('sw0', 'sw1')",0,21.18876026563738,21.188760265637377,1.676697283966194e-16
tree-s0,hop-delay,"('sw0', 'sw1')",1,111.72096824854859,111.7209682485486,1.2719953056248796e-16
tree-s0,out-burst,"5@('sw0', 'sw1')",0,1390.3119058058223,1390.3119058058223,0.0
tree-s0,out-burst,"11@('sw0', 'sw1')",1,23616.13792152043,23616.13792152043,0.0
tree-s0,out-burst,"16@('sw0', 'sw1')",1,22020.2313897776,22020.2313897776,0.0
tree-s0,out-burst,"18@('sw0', 'sw1')",0,2147.3371255931534,2147.3371255931534,0.0
tree-s0,out-burst,"19@('sw0', 'sw1')",0,667.8214973611833,667.8214973611833,0.0
tree-s0,out-burst,"21@('sw0', 'sw1')",0,2011.3215133444955,2011.3215133444955,0.0
tree-s0,out-burst,"27@('sw0', 'sw1')",1,16763.69898811369,16763.69898811369,0.0
tree-s0,out-burst,"29@('sw0', 'sw1')",0,941.3237990210642,941.3237990210642,0.0
tree-s0,out-burst,"37@('sw0', 'sw1')",0,1691.406160168867,1691.406160168867,0.0
tree-s0,out-burst,"44@('sw0', 'sw1')",0,1557.8193643366444,1557.8193643366444,0.0
tree-s0,out-burst,"47@('sw0', 'sw1')",1,22579.718640104325,22579.718640104325,0.0
tree-s0,out-burst,"48@('sw0', 'sw1')",1,12059.055072663683,12059.055072663683,0.0
tree-s0,out-burst,"53@('sw0', 'sw1')",1,12731.054788047953,12731.054788047953,0.0
tree-s0,out-burst,"54@('sw0', 'sw1')",0,1592.6304712460858,1592.6304712460858,0.0
tree-s0,hop-delay,"('sw1', 'es1_0')",0,1.3903119058058224,1.3903119058058224,0.0
tree-s0,hop-delay,"('es3_0', 'sw3')",0,10.568,10.568,0.0
tree-s0,hop-delay,"('es3_0', 'sw3')",1,75.11338322729532,75.11338322729532,0.0
tree-s0,out-burst,"6@('es3_0', 'sw3')",1,15624.852962387218,15624.852962387218,0.0
tree-s0,out-burst,"8@('es3_0', 'sw3')",1,20828.06378307345,20828.06378307345,0.0
tree-s0,out-burst,"27@('es3_0', 'sw3')",1,11741.514831968461,11741.514831968461,0.0
tree-s0,out-burst,"46@('es3_0', 'sw3')",1,9977.145146556835,9977.145146556835,0.0
tree-s0,out-burst,"47@('es3_0', 'sw3')",1,20186.702992035127,20186.702992035127,0.0
tree-s0,out-burst,"48@('es3_0', 'sw3')",1,9813.634962098751,9813.634962098751,0.0
tree-s0,out-burst,"58@('es3_0', 'sw3')",0,825.077888,825.077888,0.0
tree-s0,hop-delay,"('sw3', 'sw0')",0,19.194628032,19.194628032,0.0
tree-s0,hop-delay,"('sw3', 'sw0')",1,134.2715942585649,134.2715942585649,0.0
tree-s0,out-burst,"6@('sw3', 'sw0')",1,26108.779042095965,26108.779042095965,0.0
tree-s0,out-burst,"8@('sw3', 'sw0')",1,29430.03919765415,29430.03919765415,0.0
tree-s0,out-burst,"14@('sw3', 'sw0')",1,12578.056961382923,12578.056961382925,1.4461608888642394e-16
tree-s0,out-burst,"19@('sw3', 'sw0')",0,621.036714694656,621.036714694656,0.0
tree-s0,out-burst,"23@('sw3', 'sw0')",1,18831.48893598526,18831.48893598526,0.0
tree-s0,out-burst,"25@('sw3', 'sw0')",0,2021.418263545856,2021.418263545856,0.0
tree-s0,out-burst,"26@('sw3', 'sw0')",0,2105.07746328576,2105.07746328576,0.0
tree-s0,out-burst,"27@('sw3', 'sw0')",1,14482.803700351322,14482.803700351322,0.0
tree-s0,out-burst,"29@('sw3', 'sw0')",0,922.1691597409281,922.1691597409281,0.0
tree-s0,out-burst,"37@('sw3', 'sw0')",0,1570.036941367296,1570.036941367296,0.0
tree-s0,out-burst,"46@('sw3', 'sw0')",1,10622.722971752015,10622.722971752015,0.0
tree-s0,out-burst,"47@('sw3', 'sw0')",1,21492.897060982446,21492.897060982446,0.0
tree-s0,out-burst,"48@('sw3', 'sw0')",1,11039.266074490932,11039.266074490932,0.0
tree-s0,out-burst,"51@('sw3', 'sw0')",1,16166.383342986595,16166.383342986595,0.0
tree-s0,out-burst,"58@('sw3', 'sw0')",0,856.0964068997121,856.0964068997121,0.0
tree-s0,hop-delay,"('sw2', 'es2_2')",1,56.22100074574979,56.22100074574979,0.0
tree-s0,hop-delay,"('es2_2', 'sw2')",1,16.328,16.328,0.0
tree-s0,out-burst,"7@('es2_2', 'sw2')",1,5244.25248,5244.25248,0.0
tree-s0,out-burst,"30@('es2_2', 'sw2')",1,11350.351104,11350.351104,0.0
tree-s0,hop-delay,"('sw4', 'es4_4')",0,12.620047433688375,12.620047433688375,0.0
tree-s0,hop-delay,"('sw4', 'es4_4')",1,101.66019975867465,101.66019975867465,0.0
tree-s0,hop-delay,"('sw4', 'es4_1')",0,10.403866176,10.403866176000001,1.7074007002300856e-16
tree-s0,hop-delay,"('sw4', 'es4_1')",1,91.6920268391378,91.6920268391378,0.0
tree-s0,hop-delay,"('es4_4', 'sw4')",1,28.759999999999998,28.76,1.235296828511996e-16
tree-s0,out-burst,"10@('es4_4', 'sw4')",1,6319.73952,6319.73952,0.0
tree-s0,out-burst,"40@('es4_4', 'sw4')",1,23111.63392,23111.63392,0.0
tree-s0,hop-delay,"('sw3', 'es3_2')",1,8.73703933239755,8.73703933239755,0.0
tree-s0,hop-delay,"('es2_0', 'sw2')",1,18.752,18.752,0.0
tree-s0,out-burst,"11@('es2_0', 'sw2')",1,19103.637504,19103.637504,0.0
tree-s0,hop-delay,"('sw1', 'es1_1')",1,40.379836909634115,40.37983690963412,1.7596473639807436e-16
tree-s0,hop-delay,"('es1_4', 'sw1')",1,21.792,21.792,0.0
tree-s0,out-burst,"12@('es1_4', 'sw1')",1,23691.565056,23691.565056,0.0
tree-s0,hop-delay,"('es4_1', 'sw4')",0,6.752,6.752,0.0
tree-s0,hop-delay,"('es4_1', 'sw4')",1,12.700931134509673,12.700931134509672,1.3986036303855825e-16
tree-s0,out-burst,"13@('es4_1', 'sw4')",1,12157.164479061494,12157.164479061494,0.0
tree-s0,out-burst,"38@('es4_1', 'sw4')",0,835.127296,835.127296,0.0
tree-s0,hop-delay,"('es3_4', 'sw3')",0,11.64,11.64,0.0
tree-s0,hop-delay,"('es3_4', 'sw3')",1,11.684494555266454,11.684494555266456,1.5202684472128987e-16
tree-s0,out-burst,"14@('es3_4', 'sw3')",1,9963.520477980148,9963.520477980148,0.0
tree-s0,out-burst,"25@('es3_4', 'sw3')",0,1948.32512,1948.32512,0.0
tree-s0,hop-delay,"('es2_3', 'sw2')",0,13.08,13.08,0.0
tree-s0,hop-delay,"('es2_3', 'sw2')",1,41.32742368036486,41.32742368036486,0.0
tree-s0,out-burst,"16@('es2_3', 'sw2')",1,15243.780250839074,15243.780250839074,0.0
tree-s0,out-burst,"21@('es2_3', 'sw2')",0,1879.92512,1879.92512,0.0
tree-s0,out-burst,"32@('es2_3', 'sw2')",1,11712.850861556744,11712.850861556744,0.0
tree-s0,out-burst,"42@('es2_3', 'sw2')",1,16332.980681215975,16332.980681215975,0.0
tree-s0,hop-delay,"('sw1', 'es1_3')",0,11.667821497361183,11.667821497361183,0.0
tree-s0,hop-delay,"('sw1', 'es1_3')",1,70.75690868016304,70.75690868016304,0.0
tree-s0,hop-delay,"('es1_1', 'sw1')",0,11.816,11.816,0.0
tree-s0,hop-delay,"('es1_1', 'sw1')",1,36.40570705695848,36.40570705695848,0.0
tree-s0,out-burst,"17@('es1_1', 'sw1')",1,12601.851110506173,12601.851110506173,0.0
tree-s0,out-burst,"22@('es1_1', 'sw1')",1,20346.26142932633,20346.261429326332,1.7880330594042538e-16
tree-s0,out-burst,"24@('es1_1', 'sw1')",1,7295.117615974636,7295.117615974636,0.0
tree-s0,out-burst,"43@('es1_1', 'sw1')",0,825.641856,825.641856,0.0
tree-s0,hop-delay,"('sw1', 'es1_2')",0,6.79138859812758,6.79138859812758,0.0
tree-s0,hop-delay,"('es3_1', 'sw3')",0,12.072000000000001,12.072,1.471468554837848e-16
tree-s0,hop-delay,"('es3_1', 'sw3')",1,24.397870498059717,24.397870498059714,1.4561572818754966e-16
tree-s0,out-burst,"19@('es3_1', 'sw3')",0,578.654976,578.654976,0.0
tree-s0,out-burst,"23@('es3_1', 'sw3')",1,12644.253872550591,12644.253872550591,0.0
tree-s0,out-burst,"51@('es3_1', 'sw3')",1,12870.821333504378,12870.821333504378,0.0
tree-s0,hop-delay,"('es4_0', 'sw4')",1,24.64,24.64,0.0
tree-s0,out-burst,"20@('es4_0', 'sw4')",1,9878.25152,9878.25152,0.0
tree-s0,out-burst,"33@('es4_0', 'sw4')",1,17190.26688,17190.26688,0.0
tree-s0,hop-delay,"('sw2', 'es2_1')",1,23.321411815265385,23.321411815265385,0.0
tree-s0,hop-delay,"('sw2', 'es2_0')",0,15.18910582449122,15.18910582449122,0.0
tree-s0,hop-delay,"('sw2', 'es2_0')",1,51.146134167943465,51.146134167943465,0.0
tree-s0,hop-delay,"('sw3', 'es3_1')",0,12.188655393284236,12.188655393284238,1.457385398211353e-16
tree-s0,hop-delay,"('sw3', 'es3_1')",1,37.51762171191473,37.51762171191472,1.8938906661411544e-16
tree-s0,hop-delay,"('es3_3', 'sw3')",0,0.904,0.904,0.0
tree-s0,out-burst,"29@('es3_3', 'sw3')",0,904.817216,904.817216,0.0
tree-s0,hop-delay,"('sw3', 'es3_4')",1,14.197762846680247,14.197762846680247,0.0
tree-s0,hop-delay,"('es4_3', 'sw4')",1,20.416,20.416,0.0
tree-s0,out-burst,"31@('es4_3', 'sw4')",1,11409.921024,11409.921024,0.0
tree-s0,out-burst,"59@('es4_3', 'sw4')",1,10824.572928,10824.572928,0.0
tree-s0,hop-delay,"('sw1', 'es1_4')",0,12.27844983558273,12.27844983558273,0.0
tree-s0,hop-delay,"('sw1', 'es1_4')",1,30.126892565252483,30.126892565252483,0.0
tree-s0,hop-delay,"('es1_0', 'sw1')",1,9.527999999999999,9.528,1.8643543654494653e-16
tree-s0,out-burst,"35@('es1_0', 'sw1')",1,10254.262272,10254.262272,0.0
tree-s0,hop-delay,"('sw2', 'es2_4')",0,11.5375616,11.5375616,0.0
tree-s0,hop-delay,"('sw2', 'es2_4')",1,25.36950353159116,25.369503531591157,1.4003875457698705e-16
tree-s1,hop-delay,"('es1_4', 'sw1')",1,31.024,31.024,0.0
tree-s1,out-burst,"0@('es1_4', 'sw1')",1,23057.457152,23057.457152,0.0
tree-s1,out-burst,"55@('es1_4', 'sw1')",1,11164.248576,11164.248576,0.0
tree-s1,hop-delay,"('sw1', 'sw0')",0,15.338246783999999,15.338246783999999,0.0
tree-s1,hop-delay,"('sw1', 'sw0')",1,62.738313538964505,62.73831353896451,1.1325499454473026e-16
tree-s1,out-burst,"0@('sw1', 'sw0')",1,28205.010301244958,28205.010301244958,0.0
tree-s1,out-burst,"12@('sw1', 'sw0')",0,2004.645921722368,2004.645921722368,0.0
tree-s1,out-burst,"18@('sw1', 'sw0')",1,11508.372730192848,11508.372730192848,0.0
tree-s1,out-burst,"33@('sw1', 'sw0')",0,1207.717010217984,1207.717010217984,0.0
tree-s1,out-burst,"39@('sw1', 'sw0')",1,13587.798331125334,13587.798331125332,1.3386932593627982e-16
tree-s1,out-burst,"43@('sw1', 'sw0')",0,1770.3800449884159,1770.3800449884159,0.0
tree-s1,out-burst,"54@('sw1', 'sw0')",1,14484.603752840358,14484.603752840358,0.0
tree-s1,hop-delay,"('sw0', 'sw4')",0,16.342399309189123,16.34239930918912,2.173924165959435e-16
tree-s1,hop-delay,"('sw0', 'sw4')",1,153.25565539354457,153.25565539354454,1.8545292411833035e-16
tree-s1,out-burst,"0@('sw0', 'sw4')",1,40779.330314974504,40779.330314974504,0.0
tree-s1,out-burst,"1@('sw0', 'sw4')",1,20714.54252374125,20714.54252374125,0.0
tree-s1,out-burst,"3@('sw0', 'sw4')",1,19619.395774107583,19619.395774107583,0.0
tree-s1,out-burst,"12@('sw0', 'sw4')",0,2036.5462851739053,2036.5462851739053,0.0
tree-s1,out-burst,"13@('sw0', 'sw4')",0,622.8944752963735,622.8944752963735,0.0
tree-s1,out-burst,"14@('sw0', 'sw4')",1,16630.587337526063,16630.587337526063,0.0
tree-s1,out-burst,"24@('sw0', 'sw4')",1,16020.79404447838,16020.79404447838,0.0
tree-s1,out-burst,"26@('sw0', 'sw4')",1,40558.768860085605,40558.768860085605,0.0
tree-s1,out-burst,"38@('sw0', 'sw4')",0,1953.1031557575607,1953.1031557575607,0.0
tree-s1,out-burst,"48@('sw0', 'sw4')",1,21096.056503167052,21096.056503167052,0.0
tree-s1,out-burst,"56@('sw0', 'sw4')",1,13715.052501965558,13715.052501965558,0.0
tree-s1,hop-delay,"('sw4', 'es4_3')",1,91.8871967041513,91.8871967041513,0.0
tree-s1,hop-delay,"('es3_4', 'sw3')",1,32.312,32.312,0.0
tree-s1,out-burst,"1@('es3_4', 'sw3')",1,11807.417088,11807.417088,0.0
tree-s1,out-burst,"20@('es3_4', 'sw3')",1,13405.745408,13405.745408,0.0
tree-s1,out-burst,"50@('es3_4', 'sw3')",1,9862.676736,9862.676736,0.0
tree-s1,hop-delay,"('sw3', 'sw0')",0,15.360810240000001,15.36081024,1.1564213160934473e-16
tree-s1,hop-delay,"('sw3', 'sw0')",1,59.711192247552596,59.711192247552596,0.0
tree-s1,out-burst,"1@('sw3', 'sw0')",1,14304.77799256164,14304.77799256164,0.0
tree-s1,out-burst,"14@('sw3', 'sw0')",1,13121.645851635465,13121.645851635465,0.0
tree-s1,out-burst,"20@('sw3', 'sw0')",1,14909.512073562366,14909.512073562366,0.0
tree-s1,out-burst,"25@('sw3', 'sw0')",0,884.4877612032,884.4877612032,0.0
tree-s1,out-burst,"31@('sw3', 'sw0')",0,1996.35915546624,1996.35915546624,0.0
tree-s1,out-burst,"32@('sw3', 'sw0')",1,9069.792253206926,9069.792253206926,0.0
tree-s1,out-burst,"46@('sw3', 'sw0')",0,1132.85312498688,1132.85312498688,0.0
tree-s1,out-burst,"50@('sw3', 'sw0')",1,10969.005705962654,10969.005705962654,0.0
tree-s1,hop-delay,"('sw4', 'es4_0')",0,14.445649440931467,14.445649440931465,1.2296829205663664e-16
tree-s1,hop-delay,"('sw4', 'es4_0')",1,35.08345356300469,35.08345356300469,0.0
tree-s1,hop-delay,"('es3_2', 'sw3')",0,11.120000000000001,11.12,1.5974432008995057e-16
tree-s1,hop-delay,"('es3_2', 'sw3')",1,36.733712637230546,36.733712637230546,0.0
tree-s1,out-burst,"2@('es3_2', 'sw3')",1,23580.98052728584,23580.98052728584,0.0
tree-s1,out-burst,"10@('es3_2', 'sw3')",1,7514.271976921227,7514.271976921227,0.0
tree-s1,out-burst,"25@('es3_2', 'sw3')",0,858.6816,858.6816,0.0
tree-s1,out-burst,"32@('es3_2', 'sw3')",1,8575.861270935171,8575.861270935171,0.0
tree-s1,hop-delay,"('sw3', 'es3_3')",0,12.59119616,12.591196159999999,1.4107927609319767e-16
tree-s1,hop-delay,"('sw3', 'es3_3')",1,71.16894955312492,71.16894955312493,1.9967773592884263e-16
tree-s1,hop-delay,"('es2_2', 'sw2')",0,14.864,14.863999999999999,1.1950732234931717e-16
tree-s1,hop-delay,"('es2_2', 'sw2')",1,55.13132295719844,55.13132295719844,0.0
tree-s1,out-burst,"3@('es2_2', 'sw2')",1,12639.229961089495,12639.229961089495,0.0
tree-s1,out-burst,"6@('es2_2', 'sw2')",1,28277.129961089493,28277.129961089493,0.0
tree-s1,out-burst,"26@('es2_2', 'sw2')",1,20231.427237354084,20231.427237354084,0.0
tree-s1,out-burst,"38@('es2_2', 'sw2')",0,1737.50784,1737.50784,0.0
tree-s1,out-burst,"53@('es2_2', 'sw2')",0,1737.50784,1737.50784,0.0
tree-s1,hop-delay,"('sw2', 'sw0')",0,16.522740288,16.522740288,0.0
tree-s1,hop-delay,"('sw2', 'sw0')",1,153.3222527678261,153.3222527678261,0.0
tree-s1,out-burst,"3@('sw2', 'sw0')",1,16130.07101210736,16130.07101210736,0.0
tree-s1,out-burst,"6@('sw2', 'sw0')",1,42485.809769589476,42485.80976958947,1.7125618303246784e-16
tree-s1,out-burst,"13@('sw2', 'sw0')",0,587.8563711774719,587.8563711774719,0.0
tree-s1,out-burst,"19@('sw2', 'sw0')",1,24166.352909994304,24166.352909994304,0.0
tree-s1,out-burst,"24@('sw2', 'sw0')",1,14196.438722673625,14196.438722673625,0.0
tree-s1,out-burst,"26@('sw2', 'sw0')",1,30397.305884872025,30397.305884872025,0.0
tree-s1,out-burst,"28@('sw2', 'sw0')",1,8711.837704181024,8711.837704181022,2.0879514349456706e-16
tree-s1,out-burst,"29@('sw2', 'sw0')",0,600.9422723281921,600.9422723281921,0.0
tree-s1,out-burst,"38@('sw2', 'sw0')",0,1845.89701628928,1845.89701628928,0.0
tree-s1,out-burst,"41@('sw2', 'sw0')",1,30505.959700642445,30505.959700642445,0.0
tree-s1,out-burst,"48@('sw2', 'sw0')",1,18693.007826596273,18693.007826596273,0.0
tree-s1,out-burst,"51@('sw2', 'sw0')",1,8786.480132491019,8786.480132491019,0.0
tree-s1,out-burst,"53@('sw2', 'sw0')",0,1845.89701628928,1845.89701628928,0.0
tree-s1,out-burst,"56@('sw2', 'sw0')",1,12135.906228790474,12135.906228790474,0.0
tree-s1,hop-delay,"('es4_2', 'sw4')",0,13.688,13.687999999999999,1.297747544856992e-16
tree-s1,hop-delay,"('es4_2', 'sw4')",1,51.45428354077983,51.45428354077983,0.0
tree-s1,out-burst,"4@('es4_2', 'sw4')",1,15705.417995241409,15705.417995241409,0.0
tree-s1,out-burst,"7@('es4_2', 'sw4')",0,2046.532992,2046.532992,0.0
tree-s1,out-burst,"35@('es4_2', 'sw4')",1,10080.631241603678,10080.631241603678,0.0
tree-s1,out-burst,"45@('es4_2', 'sw4')",1,20153.48688150462,20153.48688150462,0.0
tree-s1,out-burst,"52@('es4_2', 'sw4')",1,5730.0430215431425,5730.0430215431425,0.0
tree-s1,out-burst,"59@('es4_2', 'sw4')",0,1974.495744,1974.495744,0.0
tree-s1,hop-delay,"('sw4', 'sw0')",0,18.639669632,18.639669632,0.0
tree-s1,hop-delay,"('sw4', 'sw0')",1,137.10496458740278,137.10496458740275,2.0729890792747703e-16
tree-s1,out-burst,"4@('sw4', 'sw0')",1,19610.16738669064,19610.16738669064,0.0
tree-s1,out-burst,"5@('sw4', 'sw0')",1,14102.775175297795,14102.775175297797,1.2898095452389898e-16
tree-s1,out-burst,"7@('sw4', 'sw0')",0,2120.7934358138878,2120.7934358138878,0.0
tree-s1,out-burst,"8@('sw4', 'sw0')",1,32379.373171872532,32379.373171872532,0.0
tree-s1,out-burst,"11@('sw4', 'sw0')",1,18235.36670505313,18235.36670505313,0.0
tree-s1,out-burst,"15@('sw4', 'sw0')",1,24284.5298789044,24284.5298789044,0.0
tree-s1,out-burst,"16@('sw4', 'sw0')",1,12223.337784556254,12223.337784556254,0.0
tree-s1,out-burst,"21@('sw4', 'sw0')",1,7727.173336941023,7727.173336941023,0.0
tree-s1,out-burst,"30@('sw4', 'sw0')",0,1992.194939121664,1992.194939121664,0.0
tree-s1,out-burst,"45@('sw4', 'sw0')",1,21500.406053611267,21500.406053611267,0.0
tree-s1,out-burst,"57@('sw4', 'sw0')",0,1044.021045673984,1044.021045673984,0.0
tree-s1,out-burst,"59@('sw4', 'sw0')",0,2114.0695902044163,2114.0695902044163,0.0
tree-s1,hop-delay,"('sw0', 'sw1')",0,16.2474357497984,16.2474357497984,0.0
tree-s1,hop-delay,"('sw0', 'sw1')",1,137.94484200723045,137.94484200723045,0.0
tree-s1,out-burst,"4@('sw0', 'sw1')",1,23538.83648705656,23538.836487056564,1.545521933121949e-16
tree-s1,out-burst,"7@('sw0', 'sw1')",0,2185.5232198410845,2185.5232198410845,0.0
tree-s1,out-burst,"11@('sw0', 'sw1')",1,19375.342879400883,19375.342879400883,0.0
tree-s1,out-burst,"15@('sw0', 'sw1')",1,29025.418209008894,29025.418209008894,0.0
tree-s1,out-burst,"19@('sw0', 'sw1')",1,34663.40360737651,34663.40360737652,2.0990315020983894e-16
tree-s1,out-burst,"20@('sw0', 'sw1')",1,18383.514974672456,18383.514974672456,0.0
tree-s1,out-burst,"25@('sw0', 'sw1')",0,911.7834532628613,911.7834532628613,0.0
tree-s1,out-burst,"28@('sw0', 'sw1')",1,10515.05267889954,10515.05267889954,0.0
tree-s1,out-burst,"29@('sw0', 'sw1')",0,610.4307748060744,610.4307748060744,0.0
tree-s1,out-burst,"31@('sw0', 'sw1')",0,2057.709472857479,2057.709472857479,0.0
tree-s1,out-burst,"46@('sw0', 'sw1')",0,1150.9202735406557,1150.9202735406557,0.0
tree-s1,out-burst,"50@('sw0', 'sw1')",1,13524.847738672619,13524.847738672619,0.0
tree-s1,out-burst,"51@('sw0', 'sw1')",1,10605.144929514345,10605.144929514345,0.0
tree-s1,hop-delay,"('sw1', 'es1_0')",1,48.80458589372902,48.80458589372902,0.0
tree-s1,hop-delay,"('es4_1', 'sw4')",0,12.616000000000001,12.616000000000001,0.0
tree-s1,hop-delay,"('es4_1', 'sw4')",1,69.49797648872615,69.49797648872615,0.0
tree-s1,out-burst,"5@('es4_1', 'sw4')",1,12500.292349200232,12500.292349200232,0.0
tree-s1,out-burst,"8@('es4_1', 'sw4')",1,26096.67527461939,26096.67527461939,0.0
tree-s1,out-burst,"11@('es4_1', 'sw4')",1,17102.331277702833,17102.331277702833,0.0
tree-s1,out-burst,"15@('es4_1', 'sw4')",1,19572.50645596454,19572.50645596454,0.0
tree-s1,out-burst,"57@('es4_1', 'sw4')",0,974.830592,974.830592,0.0
tree-s1,hop-delay,"('sw0', 'sw2')",0,17.8241876910848,17.824187691084802,1.9931980858670359e-16
tree-s1,hop-delay,"('sw0', 'sw2')",1,85.8863147664855,85.88631476648547,3.3092244681448023e-16
tree-s1,out-burst,"5@('sw0', 'sw2')",1,15106.614422288478,15106.614422288478,0.0
tree-s1,out-burst,"18@('sw0', 'sw2')",1,14429.881613289619,14429.881613289619,0.0
tree-s1,out-burst,"21@('sw0', 'sw2')",1,9296.488080354246,9296.488080354246,0.0
tree-s1,out-burst,"32@('sw0', 'sw2')",1,9780.243848955293,9780.243848955293,0.0
tree-s1,out-burst,"33@('sw0', 'sw2')",0,1228.6782549426996,1228.6782549426996,0.0
tree-s1,out-burst,"43@('sw0', 'sw2')",0,1831.4100636426901,1831.4100636426901,0.0
tree-s1,out-burst,"45@('sw0', 'sw2')",1,22344.15320987722,22344.15320987722,0.0
tree-s1,out-burst,"54@('sw0', 'sw2')",1,15080.311232060702,15080.311232060702,0.0
tree-s1,out-burst,"57@('sw0', 'sw2')",0,1110.1844303832906,1110.1844303832906,0.0
tree-s1,out-burst,"59@('sw0', 'sw2')",0,2247.5371076352594,2247.5371076352594,0.0
tree-s1,hop-delay,"('sw2', 'es2_2')",0,12.41903616,12.419036160000001,1.4303500018154792e-16
tree-s1,hop-delay,"('sw2', 'es2_2')",1,30.31118029520319,30.31118029520319,0.0
tree-s1,hop-delay,"('sw0', 'sw3')",0,15.422091955410943,15.422091955410943,0.0
tree-s1,hop-delay,"('sw0', 'sw3')",1,136.17953088004796,136.17953088004793,2.0870764678605711e-16
tree-s1,out-burst,"6@('sw0', 'sw3')",1,55105.83925530528,55105.83925530528,0.0
tree-s1,out-burst,"8@('sw0', 'sw3')",1,38619.66399491985,38619.66399491985,0.0
tree-s1,out-burst,"16@('sw0', 'sw3')",1,12990.300902472683,12990.300902472683,0.0
tree-s1,out-burst,"30@('sw0', 'sw3')",0,2022.2988626186261,2022.2988626186261,0.0
tree-s1,out-burst,"39@('sw0', 'sw3')",1,19283.37103065246,19283.37103065246,0.0
tree-s1,out-burst,"41@('sw0', 'sw3')",1,39892.54240514239,39892.54240514239,0.0
tree-s1,out-burst,"53@('sw0', 'sw3')",0,1947.0659395167756,1947.0659395167756,0.0
tree-s1,hop-delay,"('sw3', 'es3_4')",0,13.606298862618626,13.606298862618626,0.0
tree-s1,hop-delay,"('sw3', 'es3_4')",1,57.23987034483703,57.23987034483703,0.0
tree-s1,hop-delay,"('sw1', 'es1_3')",0,14.755232692698561,14.755232692698563,1.2038826336363085e-16
tree-s1,hop-delay,"('sw1', 'es1_3')",1,35.054849782410955,35.054849782410955,0.0
tree-s1,hop-delay,"('es4_0', 'sw4')",1,33.232000000000006,33.232,2.138128116755236e-16
tree-s1,out-burst,"9@('es4_0', 'sw4')",1,24888.162304,24888.162304,0.0
tree-s1,out-burst,"16@('es4_0', 'sw4')",1,11451.162624,11451.162624,0.0
tree-s1,hop-delay,"('sw4', 'es4_1')",0,12.526894475296372,12.526894475296373,1.4180344880395617e-16
tree-s1,hop-delay,"('sw4', 'es4_1')",1,96.8158535458627,96.8158535458627,0.0
tree-s1,hop-delay,"('es1_0', 'sw1')",0,11.632,11.632,0.0
tree-s1,hop-delay,"('es1_0', 'sw1')",1,25.58402683594283,25.58402683594283,0.0
tree-s1,out-burst,"12@('es1_0', 'sw1')",0,1974.705664,1974.705664,0.0
tree-s1,out-burst,"18@('es1_0', 'sw1')",1,9374.266256851432,9374.266256851432,0.0
tree-s1,out-burst,"33@('es1_0', 'sw1')",0,1189.679232,1189.679232,0.0
tree-s1,out-burst,"54@('es1_0', 'sw1')",1,14049.4508101341,14049.4508101341,0.0
tree-s1,hop-delay,"('es2_0', 'sw2')",0,7.664,7.664000000000001,1.1588966854124806e-16
tree-s1,hop-delay,"('es2_0', 'sw2')",1,24.46367782131158,24.463677821311578,1.4522402170067607e-16
tree-s1,out-burst,"13@('es2_0', 'sw2')",0,552.431616,552.431616,0.0
tree-s1,out-burst,"22@('es2_0', 'sw2')",1,12972.763247478964,12972.763247478964,0.0
tree-s1,out-burst,"44@('es2_0', 'sw2')",0,731.03616,731.03616,0.0
tree-s1,out-burst,"56@('es2_0', 'sw2')",1,10556.073736270795,10556.073736270795,0.0
tree-s1,hop-delay,"('es3_1', 'sw3')",0,13.336,13.336,0.0
tree-s1,hop-delay,"('es3_1', 'sw3')",1,13.386547603751765,13.386547603751767,1.3269715926624737e-16
tree-s1,out-burst,"14@('es3_1', 'sw3')",1,11754.4983939355,11754.4983939355,0.0
tree-s1,out-burst,"31@('es3_1', 'sw3')",0,1938.356736,1938.356736,0.0
tree-s1,hop-delay,"('sw1', 'es1_4')",0,11.799809876068934,11.799809876068936,1.5054114075200993e-16
tree-s1,hop-delay,"('sw1', 'es1_4')",1,32.5159871089775,32.5159871089775,0.0
tree-s1,hop-delay,"('sw3', 'es3_1')",0,10.234611456000001,10.234611456,1.7356368114579163e-16
tree-s1,hop-delay,"('sw3', 'es3_1')",1,54.5896716730387,54.58967167303871,1.301606538350056e-16
tree-s1,hop-delay,"('es3_3', 'sw3')",0,1.616,1.616,0.0
tree-s1,out-burst,"17@('es3_3', 'sw3')",0,1618.611456,1618.611456,0.0
tree-s1,hop-delay,"('es2_3', 'sw2')",0,12.488,12.488,0.0
tree-s1,hop-delay,"('es2_3', 'sw2')",1,39.25492487612765,39.25492487612765,0.0
tree-s1,out-burst,"19@('es2_3', 'sw2')",1,12499.14276337381,12499.14276337381,0.0
tree-s1,out-burst,"24@('es2_3', 'sw2')",1,12371.290625725424,12371.290625725424,0.0
tree-s1,out-burst,"29@('es2_3', 'sw2')",0,591.292992,591.292992,0.0
tree-s1,out-burst,"41@('es2_3', 'sw2')",1,19937.763461861727,19937.763461861727,0.0
tree-s1,hop-delay,"('sw1', 'es1_1')",0,10.662920273540657,10.662920273540657,0.0
tree-s1,hop-delay,"('sw1', 'es1_1')",1,50.929404580324835,50.929404580324835,0.0
tree-s1,hop-delay,"('es4_4', 'sw4')",1,35.792,35.792,0.0
tree-s1,out-burst,"21@('es4_4', 'sw4')",1,5221.991424,5221.991424,0.0
tree-s1,out-burst,"37@('es4_4', 'sw4')",1,14517.660672,14517.660672,0.0
tree-s1,out-burst,"40@('es4_4', 'sw4')",1,9127.840256,9127.840256,0.0
tree-s1,out-burst,"58@('es4_4', 'sw4')",1,11559.714816,11559.714816,0.0
tree-s1,hop-delay,"('sw2', 'es2_0')",0,8.04421536257796,8.044215362577958,2.2082412756674067e-16
tree-s1,hop-delay,"('sw2', 'es2_0')",1,12.884333306701468,12.884333306701466,1.3786951929257545e-16
tree-s1,hop-delay,"('sw2', 'es2_3')",1,35.106343616682025,35.106343616682025,0.0
tree-s1,hop-delay,"('es1_3', 'sw1')",1,10.904,10.904,0.0
tree-s1,out-burst,"23@('es1_3', 'sw1')",1,6882.234432,6882.234432,0.0
tree-s1,out-burst,"42@('es1_3', 'sw1')",1,4453.302272,4453.302272,0.0
tree-s1,hop-delay,"('es3_0', 'sw3')",0,3.392,3.392,0.0
tree-s1,out-burst,"27@('es3_0', 'sw3')",0,1135.19616,1135.19616,0.0
tree-s1,out-burst,"46@('es3_0', 'sw3')",0,1115.771904,1115.771904,0.0
tree-s1,out-burst,"47@('es3_0', 'sw3')",0,1163.93472,1163.93472,0.0
tree-s1,hop-delay,"('es2_4', 'sw2')",1,13.128,13.128,0.0
tree-s1,out-burst,"28@('es2_4', 'sw2')",1,6707.609216,6707.609216,0.0
tree-s1,out-burst,"51@('es2_4', 'sw2')",1,6765.079552,6765.079552,0.0
tree-s1,hop-delay,"('sw1', 'es1_2')",1,24.039900417572156,24.039900417572156,0.0
tree-s1,hop-delay,"('es4_3', 'sw4')",0,1.9520000000000002,1.952,1.1375235908044636e-16
tree-s1,out-burst,"30@('es4_3', 'sw4')",0,1955.810304,1955.810304,0.0
tree-s1,hop-delay,"('sw2', 'es2_4')",0,12.242607598383291,12.242607598383291,0.0
tree-s1,hop-delay,"('sw2', 'es2_4')",1,50.05902968364294,50.059029683642926,2.8388194507584467e-16
tree-s1,hop-delay,"('es2_1', 'sw2')",0,12.104,12.104,0.0
tree-s1,hop-delay,"('es2_1', 'sw2')",1,38.83385862224223,38.83385862224223,0.0
tree-s1,out-burst,"34@('es2_1', 'sw2')",1,22133.58036920306,22133.58036920306,0.0
tree-s1,out-burst,"48@('es2_1', 'sw2')",1,16288.914903196759,16288.914903196759,0.0
tree-s1,out-burst,"49@('es2_1', 'sw2')",0,1308.423168,1308.423168,0.0
tree-s1,hop-delay,"('es1_2', 'sw1')",0,12.064,12.064,0.0
tree-s1,hop-delay,"('es1_2', 'sw1')",1,12.142097974169861,12.142097974169861,0.0
tree-s1,out-burst,"36@('es1_2', 'sw1')",0,1685.595648,1685.595648,0.0
tree-s1,out-burst,"39@('es1_2', 'sw1')",1,10963.831105671681,10963.831105671681,0.0
tree-s1,hop-delay,"('sw3', 'es3_2')",0,13.567000659516776,13.567000659516776,0.0
tree-s1,hop-delay,"('sw3', 'es3_2')",1,22.568601292144592,22.568601292144592,0.0
tree-s1,hop-delay,"('es1_1', 'sw1')",0,1.7120000000000002,1.712,1.2969895147490144e-16
tree-s1,out-burst,"43@('es1_1', 'sw1')",0,1717.861888,1717.861888,0.0
tree-s1,hop-delay,"('sw2', 'es2_1')",0,1.8314100636426902,1.8314100636426902,0.0
tree-s1,hop-delay,"('sw4', 'es4_2')",1,32.65577131916705,32.65577131916705,0.0
tree-s1,hop-delay,"('sw4', 'es4_4')",1,13.715052501965557,13.715052501965557,0.0
